importance,feature
0.19043352881309158,visit_month
0.015836963969972077,O00391
0.03850283058758771,O00533
0.024460952463651965,O00584
0.07152138735886619,O14498
0.08056280700082713,O14773
0.04952539439902567,O14791
0.05673590579376682,O15240
0.008653037803039384,O15394
0.06299505332593089,O43505
0.0004986713971620431,O60888
0.03180643865375209,O75144
0.06533977532227252,O75326
0.10811993970767406,O94919
0.14206200317013656,P00441
0.0722237372244278,P00450
0.03738008087527409,P00734
0.020413404655822937,P00736
0.042752191010946385,P00738
0.17383353422059433,P00746
0.11963405073188468,P00747
0.08248890446468311,P00748
0.028595603428794313,P00751
0.1491626927852986,P01008
0.042030565528388276,P01009
0.10807693734143241,P01011
0.044360891589215815,P01019
0.06590251198951803,P01023
0.020471579562628774,P01024
0.0,P01031
0.2342395552113048,P01033
0.03950826399596389,P01034
0.0953527778055027,P01042
0.030538111352346825,P01344
0.0038823032100767075,P01591
0.04282723551022726,P01594
0.48427645528456126,P01608
1.1510703934845334,P01621
0.1815547291595622,P01717
0.06613292940823123,P01780
0.0003473820581948878,P01833
0.19255936027442913,P01834
0.19334409868928615,P01857
0.0869651286799265,P01859
0.03681029679086529,P01860
0.12901725460460417,P01861
0.02197448675720411,P01876
0.05242957630251127,P01877
0.04486894820969019,P02452
0.07448488260847848,P02647
0.03483624953600317,P02649
0.08277558852360403,P02652
0.11164884153307254,P02655
0.19955338279565327,P02656
0.12328983619880333,P02671
0.0751704149865021,P02675
0.09737724808950671,P02679
0.020080037303734432,P02747
0.08677554101413669,P02748
0.12751350477147594,P02749
0.08918418469622592,P02750
0.007403432609647897,P02751
0.10763683871834652,P02753
0.011796800131042518,P02760
0.14353938244933878,P02763
0.8159669354709005,P02765
0.026540816385776045,P02766
0.021412843166486575,P02768
0.0032923207169430293,P02774
0.08451605309323779,P02787
0.005996619971180798,P02790
0.4301643961596013,P02792
0.020750463158017825,P04004
0.0,P04075
0.032627908448658816,P04156
0.10829472948618675,P04180
0.08752114111360039,P04196
0.08548422785872874,P04207
0.12625120555834668,P04211
0.0,P04216
0.10458591729290001,P04217
0.07968078765915962,P04275
0.05483000347315436,P04406
0.0772509347912877,P04433
0.2820162565778686,P05060
0.053171148610003924,P05067
0.11648340752599316,P05090
0.011300767846759367,P05155
0.06270787510754573,P05156
0.021493945867202012,P05408
0.43255229853679417,P05452
0.15343894621422516,P05546
0.08700600725410806,P06310
0.05525397805342345,P06396
0.019891041493979012,P06454
0.05266666066482352,P06681
0.2322070314593068,P06727
0.006341225057499374,P07195
0.0,P07225
0.11384758935369799,P07333
0.018726517795741277,P07339
0.023406239827764783,P07602
0.2047755207879793,P07711
0.02972503551100679,P07858
0.01426035633454851,P07998
0.12169070621597369,P08123
0.10698379622273733,P08133
0.04794894438386501,P08253
0.027427426727008958,P08294
0.043267702929833236,P08493
0.007446969118590044,P08571
0.09525525286742843,P08603
0.019067387586058852,P08637
0.007393386189999904,P08697
0.03915965246405221,P09104
0.04225639091339372,P09486
0.10067348003537135,P09871
0.02683694030904018,P10451
0.09129757793562297,P10643
0.026310354208663077,P10645
0.06294516322472034,P10909
0.0003179629262710645,P11142
0.001611263831706415,P11277
0.010952934560907769,P12109
0.04999711753127221,P13473
0.0471785313030938,P13521
0.0808605260799352,P13591
0.05132859338124082,P13611
0.07578901561191527,P13671
0.1532322015819061,P13987
0.021118909911502934,P14174
0.12173648983823286,P14314
0.0859202641194229,P14618
0.019919593404932847,P16035
0.1050521264370232,P16070
0.08571949844478365,P16152
0.12398206513719452,P16870
0.012549473259729382,P17174
0.01773922524612509,P17936
0.10517025151135596,P18065
0.07198965173758569,P19021
0.09113178333739545,P19652
0.017171388430816347,P19823
0.029949548480383524,P19827
0.010577645524005483,P20774
0.07858546570237894,P20933
0.29000887402399006,P23083
0.0469870797874795,P23142
0.1012216498496963,P24592
0.00879689284127597,P25311
0.16109908596162908,P27169
0.026145229045636122,P30086
0.07181243753610654,P31997
0.05385375945181283,P32754
0.14428774624326127,P35542
0.09679460514560301,P36222
0.0012956021360622052,P36955
0.02888023336018034,P36980
0.03006252454391024,P39060
0.04688010496560199,P40925
0.05778555417266915,P41222
0.01625732604042325,P43121
0.031478852289517696,P43251
0.11851336609159613,P43652
0.04100231337521485,P49588
0.046848294856344626,P49908
0.21966729122666553,P51884
0.06389635590126462,P54289
0.03071030585319455,P55290
0.1717281662339114,P60174
0.037231804199724376,P61278
0.07431950129748124,P61626
0.09116659461938795,P61769
0.014290331377384516,P61916
0.39175397535226303,P80748
0.012762912229373365,P98160
0.02800446664566793,Q02818
0.1448826041479654,Q06481
0.03533044879277665,Q08380
0.0,Q12805
0.012572510214430791,Q12841
0.11139451905315216,Q12907
0.14910431628979956,Q13283
0.12671697181504085,Q13332
0.2348059617067236,Q13449
0.048291955139794,Q13451
0.07396539599019782,Q13740
0.030637923683658808,Q14118
0.041615111942622775,Q14508
0.03550922254259694,Q14515
0.28273943935057116,Q14624
0.1413516731431865,Q15904
0.023493645672195418,Q16270
0.021472843312661385,Q16610
0.0728566612556552,Q562R1
0.03747407518740233,Q6UX71
0.022030898492589986,Q6UXB8
0.030559735252088664,Q6UXD5
0.06216791618535026,Q7Z3B1
0.09357872675922295,Q7Z5P9
0.1222358137502014,Q8IWV7
0.04291969339113414,Q8N2S1
0.08759327590064794,Q8NBJ4
0.05060451391606883,Q8NE71
0.10963489207007124,Q92520
0.017002276821147314,Q92823
0.10253763165935267,Q92876
0.2937786286882617,Q96BZ4
0.05699606181321538,Q96KN2
0.00549428873399332,Q96PD5
0.029863695090899554,Q96S96
0.036347942286294024,Q99435
0.12470832339454528,Q99674
0.1228775348780759,Q99683
0.09548658866048897,Q99829
0.13770196479527658,Q99832
0.018354229127688013,Q99969
0.563923488520625,Q9BY67
0.05011042464837381,Q9HDC9
0.11994170684962856,Q9NQ79
0.003563441502042478,Q9NYU2
0.02227601621580755,Q9UBR2
0.007320089354061227,Q9UBX5
0.050196073390948615,Q9UHG2
0.9221111197133253,Q9UKV8
0.00930433889836337,Q9UNU6
0.043687317242187745,Q9Y646
0.07537677055599128,Q9Y6R7
0.015267930708527782,AADDTWEPFASGK_P02766
0.010543710009821943,AAFGQGSGPIMLDEVQC(UniMod_4)TGTEASLADC(UniMod_4)K_Q08380
0.16236978013051637,AAFTEC(UniMod_4)C(UniMod_4)QAADK_P02768
0.02336499426249593,AANEVSSADVK_Q13449
0.03379093885533371,AATGEC(UniMod_4)TATVGKR_P01042
0.08758634723262093,AATVGSLAGQPLQER_P02649
0.09809243459115828,AAVYHHFISDGVR_P01024
0.042536063985907896,ADDKETC(UniMod_4)FAEEGKK_P02768
0.019146051131341785,ADDKETC(UniMod_4)FAEEGK_P02768
0.15837858993910356,ADDLGKGGNEESTKTGNAGSR_P00441
0.049727740323224814,ADLSGITGAR_P01011
0.013734512156893646,ADQVC(UniMod_4)INLR_Q12805
0.022008970007644228,ADRDQYELLC(UniMod_4)LDNTR_P02787
0.04414503847102943,ADSGEGDFLAEGGGVR_P02671
0.0,AEAQEAEDQQAR_Q9UHG2
0.01790795179147877,AEFAEVSK_P02768
0.013873601710432282,AELQC(UniMod_4)PQPAA_P01024
0.09732080383116917,AESPEVC(UniMod_4)FNEESPK_P43652
0.11121191348942198,AFPALTSLDLSDNPGLGER_P08571
0.0033459106181681604,AGAAAGGPGVSGVC(UniMod_4)VC(UniMod_4)K_Q16270
0.019582526065127927,AGALNSNDAFVLK_P06396
0.15747643631437272,AGC(UniMod_4)VAESTAVC(UniMod_4)R_Q9Y6R7
0.013022523350791643,AGDFLEANYMNLQR_P01024
0.10675717903557373,AGKEPGLQIWR_P06396
0.08173333228901773,AGLAASLAGPHSIVGR_P08294
0.014229114599581531,AGLLRPDYALLGHR_Q96PD5
0.018013661605178463,AGLQVYNK_P13987
0.02287059767999638,AIGAVPLIQGEYMIPC(UniMod_4)EK_P07339
0.020793283938038587,AIGYLNTGYQR_P01023
0.004978852367122018,AIPVTQYLK_P43652
0.03904992513283547,AIQLTYNPDESSKPNMIDAATLK_P02679
0.10081794002486046,AKAYLEEEC(UniMod_4)PATLRK_P25311
0.052340496998697736,AKLEEQAQQIR_P02649
0.22653423475443274,AKPALEDLR_P02647
0.06479783244634979,AKWEMPFDPQDTHQSR_P01011
0.019966867865473005,ALANSLAC(UniMod_4)QGK_P04075
0.02874849452690026,ALDFAVGEYNK_P01034
0.014065576769525504,ALEQDLPVNIK_Q96KN2
0.06464532524278269,ALEYIENLR_P13521
0.12282435611563884,ALFLETEQLK_Q13740
0.11664699532145488,ALGISPFHEHAEVVFTANDSGPRR_P02766
0.05609331649848854,ALGISPFHEHAEVVFTANDSGPR_P02766
0.0997291521403472,ALMSPAGMLR_O75144
0.04310566688603918,ALPGTPVASSQPR_O14498
0.08736525561886072,ALQDQLVLVAAK_P01019
0.029513334397448243,ALSIGFETC(UniMod_4)R_P16070
0.024934946716412047,ALSSEWKPEIR_P13591
0.08474339047208883,ALTDMPQMR_P02671
0.8663136495540658,ALVQQMEQLR_P06727
0.117059000264459,ALYLQYTDETFR_P00450
0.06413939592457092,ANAGKPKDPTFIPAPIQAK_P01019
0.031461052762869646,ANRPFLVFIR_P01008
0.1369244183451518,APEAQVSVQPNFQQDK_P41222
0.02965346671356462,APHGPGLIYR_P02765
0.020357639375439312,APLIPMEHC(UniMod_4)TTR_P09486
0.03494650940669274,AQAGANTRPC(UniMod_4)PS_P98160
0.06087822640358268,AQC(UniMod_4)GGGLLGVR_P13611
0.13644687845804937,AQGFTEDTIVFLPQTDK_P41222
0.1874180872422569,AQPVQVAEGSEPDGFWEALGGK_P06396
0.04400361566922075,AQTTVTC(UniMod_4)M(UniMod_35)ENGWSPTPR_P08603
0.004662411547247373,AQTTVTC(UniMod_4)MENGWSPTPR_P08603
0.05486504362213975,ARAEAQEAEDQQAR_Q9UHG2
0.021430396904727207,ASEGGFTATGQR_Q16610
0.019246875960111643,ASGSPEPAISWFR_O15394
0.043982256144021056,ASHEEVEGLVEK_Q08380
0.01045379771489439,ASLVPMEHC(UniMod_4)ITR_Q14515
0.10512873533032839,ASNLESGVPSR_P01594
0.13122822840981857,ASQSVSSYLAWYQQKPGQAPR_P04433
0.08538294323037697,ASVGQDSPEPR_Q6UX71
0.06851130042225731,ASYGVKPR_P00751
0.07900802201261482,ASYLDC(UniMod_4)IR_P02787
0.02725611178889932,ATEDEGSEQKIPEATNRR_P01008
0.038828822256582865,ATEDEGSEQKIPEATNR_P01008
0.1094704208098713,ATEHLSTLSEK_P02647
0.036794904157870026,ATFGC(UniMod_4)HDGYSLDGPEEIEC(UniMod_4)TK_P02749
0.013862769113938701,ATLGPAVRPLPWQR_P00746
0.03335678217165266,ATTVTGTPC(UniMod_4)QDWAAQEPHR_P00747
0.004018515245904806,ATVNPSAPR_P08571
0.06279529796807161,ATVVYQGER_P02749
0.026006768385030323,ATWSGAVLAGR_P04217
0.0033209794371388693,AVC(UniMod_4)SQEAMTGPC(UniMod_4)R_Q06481
0.048205960418417945,AVDTWSWGER_Q08380
0.17808411708788946,AVGDKLPEC(UniMod_4)EADDGC(UniMod_4)PKPPEIAHGYVEHSVR_P00738
0.02360352443734745,AVISPGFDVFAK_P06681
0.13935494438963678,AVLPTGDVIGDSAK_P01023
0.01799005966668655,AVSEKEVDSGNDIYGNPIKR_P16035
0.025047550464477895,AVVFLEPQWYR_P08637
0.07846951432329441,AVVVHAGEDDLGR_P08294
0.0014401043053518705,AYKSELEEQLTPVAEETR_P02649
0.04510884090126216,AYLEEEC(UniMod_4)PATLRK_P25311
0.10559752512474406,AYLEEEC(UniMod_4)PATLR_P25311
0.08073283951124474,AYQGVAAPFPK_O15240
0.08412021638507955,C(UniMod_4)AEENC(UniMod_4)FIQK_P01024
0.03470969648733759,C(UniMod_4)APFFYGGC(UniMod_4)GGNR_P05067
0.06480751662370163,C(UniMod_4)C(UniMod_4)AAADPHEC(UniMod_4)YAK_P02768
0.06664548613792426,C(UniMod_4)C(UniMod_4)ESASEDC(UniMod_4)MAKELPEHTVK_P02774
0.020014316566406027,C(UniMod_4)C(UniMod_4)ESASEDC(UniMod_4)MAK_P02774
0.1897585181776196,C(UniMod_4)C(UniMod_4)TESLVNR_P02768
0.049128821576059245,C(UniMod_4)C(UniMod_4)VEC(UniMod_4)PPC(UniMod_4)PAPPVAGPSVFLFPPKPK_P01859
0.04466938413189744,C(UniMod_4)DSSPDSAEDVRK_P02765
0.052865173402248486,C(UniMod_4)FLAFTQTK_P05452
0.015923331343954187,C(UniMod_4)FSGQC(UniMod_4)ISK_P10643
0.0408950816583128,C(UniMod_4)IIEVLSNALSK_P05060
0.03453420827154918,C(UniMod_4)KPVNTFVHEPLVDVQNVC(UniMod_4)FQEK_P07998
0.01480701684609702,C(UniMod_4)LAFEC(UniMod_4)PENYRR_P23142
0.05095011217028532,C(UniMod_4)LAFEC(UniMod_4)PENYR_P23142
0.05412985324199642,C(UniMod_4)LAPLEGAR_P04217
0.028786811681500525,C(UniMod_4)LKDGAGDVAFVK_P02787
0.026322154371152453,C(UniMod_4)LPVTAPENGK_P08603
0.07559485443029762,C(UniMod_4)LVEKGDVAFVKHQTVPQNTGGK_P02787
0.09269149264288594,C(UniMod_4)LVEKGDVAFVK_P02787
0.1004435740102774,C(UniMod_4)LVNLIEK_P00751
0.041834714450563346,C(UniMod_4)MC(UniMod_4)PAENPGC(UniMod_4)R_Q9UBX5
0.1369686397560808,C(UniMod_4)NLLAEK_P02765
0.019679258048458177,C(UniMod_4)PFPSRPDNGFVNYPAKPTLYYK_P02749
0.16507727058035856,C(UniMod_4)PNPPVQENFDVNKYLGR_P05090
0.15396902867975323,C(UniMod_4)PNPPVQENFDVNK_P05090
0.07707066614617357,C(UniMod_4)QC(UniMod_4)DELC(UniMod_4)SYYQSC(UniMod_4)C(UniMod_4)TDYTAEC(UniMod_4)KPQVTR_P04004
0.19266735090446477,C(UniMod_4)RDQLPYIC(UniMod_4)QFGIV_P05452
0.048684886116983996,C(UniMod_4)REILSVDC(UniMod_4)STNNPSQAK_P10909
0.05632279455300428,C(UniMod_4)STSSLLEAC(UniMod_4)TFR_P02787
0.0784103643642224,C(UniMod_4)SYTEDAQC(UniMod_4)IDGTIEVPK_P02749
0.02690667008399136,C(UniMod_4)TSTGWIPAPR_P08603
0.17349286039649187,C(UniMod_4)TTPPPSSGPTYQC(UniMod_4)LK_P00747
0.13858751645479836,C(UniMod_4)VC(UniMod_4)PVSNAMC(UniMod_4)R_Q12805
0.04848253244860274,C(UniMod_4)VDVDEC(UniMod_4)APPAEPC(UniMod_4)GK_P23142
0.05437208049372181,C(UniMod_4)VNHYGGYLC(UniMod_4)LPK_Q12805
0.009359094764377523,C(UniMod_4)YTAVVPLVYGGETK_P01591
0.035730520867918024,DAC(UniMod_4)GC(UniMod_4)C(UniMod_4)PMC(UniMod_4)AR_Q16270
0.05619072974670606,DALSSVQESQVAQQAR_P02656
0.1463283120956717,DASGVTFTWTPSSGK_P01876
0.011271333818032114,DC(UniMod_4)GSVDGVIKEVNVSPC(UniMod_4)PTQPC(UniMod_4)QLSK_P61916
0.23757103146162373,DC(UniMod_4)HLAQVPSHTVVAR_P02787
0.05496658269811617,DC(UniMod_4)SLPYATESK_P23142
0.04793010518159446,DDKETC(UniMod_4)FAEEGKK_P02768
0.04206051211162629,DDNPNLPR_P02768
0.0460892853364255,DEPPQSPWDR_P02647
0.0678514048850121,DFADIPNLR_P20774
0.004874330884796321,DGAGDVAFVK_P02787
0.007497042804554513,DGGFC(UniMod_4)EVC(UniMod_4)KK_P07602
0.043487384417624696,DGGFC(UniMod_4)EVC(UniMod_4)K_P07602
0.06266070838633833,DGLKYHYLIR_P43652
0.010166606544226055,DGWSAQPTC(UniMod_4)IK_P08603
0.02725751151225327,DIPMNPMC(UniMod_4)IYR_P01008
0.18138514315482157,DKETC(UniMod_4)FAEEGKK_P02768
0.11755358964359067,DKLAAC(UniMod_4)LEGNC(UniMod_4)AEGLGTNYR_P00734
0.08538445558138166,DLATVYVDVLK_P02647
0.13443218394202394,DLEDETLWVEER_P11277
0.09605050677465128,DLGEENFK_P02768
0.005902626830161395,DLLFKDSAHGFLK_P02787
0.0559881876187098,DLLFRDDTVC(UniMod_4)LAK_P02787
0.18900918227426702,DLLLPQPDLR_P02750
0.16483209724450176,DMPASEDLQDLQK_P49908
0.13845040294847819,DNC(UniMod_4)C(UniMod_4)ILDER_P02679
0.06314958978964572,DNWVFC(UniMod_4)GGK_Q92520
0.12615527757442574,DPTFIPAPIQAK_P01019
0.05168453128930452,DQC(UniMod_4)QVDSQC(UniMod_4)PGQMK_Q14508
0.014084510203409685,DQGNQEQDPNISNGEEEEEKEPGEVGTHNDNQER_Q14515
0.13761510575737265,DQPFTILYR_Q9UBX5
0.009425337751803993,DQTVSDNELQEM(UniMod_35)SNQGSK_P10909
0.0177598568615826,DQTVSDNELQEMSNQGSK_P10909
0.10164016175545834,DRLDEVKEQVAEVR_P02649
0.22293718052756212,DSGEGDFLAEGGGVR_P02671
0.05845805524864861,DSGFQM(UniMod_35)NQLR_P02787
0.10025509515880655,DSGFQMNQLR_P02787
0.07881341351480585,DSGRDYVSQFEGSALGK_P02647
0.05513958988932384,DSGVPDRFSGSGSGTDFTLK_P06310
0.02497800529008741,DTDTGALLFIGK_P36955
0.016084018509274232,DTINLLDQR_Q8NBJ4
0.04849320981093752,DTSC(UniMod_4)VNPPTVQNAYIVSR_P08603
0.03414666525071782,DTVIKPLLVEPEGLEK_P01023
0.044938744515483485,DVC(UniMod_4)KNYAEAK_P02768
0.09410314409121706,DVLLEAC(UniMod_4)C(UniMod_4)ADGHR_P23142
0.16370403126740904,DVQLVESGGGLVKPGGSLR_P01780
0.025324782870615112,DVRDYFMPC(UniMod_4)PGR_P02790
0.0286055605257159,DWHGVPGQVDAAMAGR_P04004
0.09842705977823188,DYFMPC(UniMod_4)PGR_P02790
0.052432531163243486,DYVSQFEGSALGK_P02647
0.07045782303077948,EAEEETTNDNGVLVLEPARK_P43121
0.0010120235333498447,EAEEHQETQC(UniMod_4)LR_Q99969
0.02799065611702552,EALQGVGDMGR_P35542
0.026154602704199104,EC(UniMod_4)EEIIR_P02675
0.04241817072826074,EDC(UniMod_4)NELPPRR_P08603
0.14577619693807045,EDSLEAGLPLQVR_P10645
0.0017520598927427114,EFQLFSSPHGK_P02787
0.00857088475267468,EFTRPEEIIFLR_P23142
0.102013255158204,EGDMLTLFDGDGPSAR_Q6UXD5
0.03677422792485133,EGQEC(UniMod_4)GVYTPNC(UniMod_4)APGLQC(UniMod_4)HPPKDDEAPLR_P24592
0.012977840770501604,EGTC(UniMod_4)PEAPTDEC(UniMod_4)KPVK_P02787
0.12194190872656478,EGVQKEDIPPADLSDQVPDTESETR_P01024
0.07710489773084771,EGYYGYTGAFR_P02787
0.1075902597632769,EHVAHLLFLR_P19652
0.00859228631458525,EIGELYLPK_P01011
0.054125648351027324,EILSVDC(UniMod_4)STNNPSQAK_P10909
0.0,EIQNAVNGVK_P10909
0.08526757698031451,EIVLTQSPATLSLSPGER_P04433
0.14021044929515109,EIVMTQSPATLSVSPGER_P04207
0.007383587042000971,EKLQDEDLGFL_P00751
0.10013540012031864,ELDESLQVAER_P10909
0.0831960846907551,ELDLNSVLLK_O00584
0.08038015106285645,ELLESYIDGR_P00734
0.06112823944889395,ELQQAVLHMEQR_Q02818
0.008101102001027918,ELSSFIDKGQELC(UniMod_4)ADYSENTFTEYKK_P02774
0.026525494021982985,ELSSFIDKGQELC(UniMod_4)ADYSENTFTEYK_P02774
0.1113860080981722,EPGLC(UniMod_4)TWQSLR_P01033
0.2104215102409928,EPQVYTLPPSRDELTK_P01857
0.07211926932954445,EPTMYGEILSPNYPQAYPSEVEK_P09871
0.08227266290548542,EQLSLLDRFTEDAKR_P01011
0.015554613469295129,EQLTPLIK_P02652
0.16334108277232415,EQPPSLTR_P00748
0.010153660512162467,EQWPQC(UniMod_4)PTIK_P07858
0.0,ESAYLYAR_P20774
0.012237727353647036,ESLQQMAEVTR_P14314
0.06959893840809726,ESLSSYWESAK_P02655
0.08834753698820617,ETLLQDFR_P02760
0.024524175629036127,ETYGEMADC(UniMod_4)C(UniMod_4)AK_P02768
0.05181262546382602,EVGPTNADPVC(UniMod_4)LAK_P00450
0.08765861450658723,EVNVSPC(UniMod_4)PTQPC(UniMod_4)QLSK_P61916
0.029080537900054618,EVPLNTIIFMGR_P01008
0.1005398690849791,EVQPVELPNC(UniMod_4)NLVK_P27169
0.043189550441151664,EVVEEAENGR_P06454
0.13184411614320946,EVVSLTEAC(UniMod_4)C(UniMod_4)AEGADPDC(UniMod_4)YDTR_P02774
0.15006016797653424,EWVAIESDSVQPVPR_Q96KN2
0.0026697117230660835,EYC(UniMod_4)GVPGDGDEELLR_P02760
0.024821479955481725,FAALDNEEEDK_Q8NE71
0.13463363847750476,FAEQDAK_Q13451
0.014389946509097626,FDEFFSEGC(UniMod_4)APGSKK_P02787
0.025861461242401476,FDEFFSEGC(UniMod_4)APGSK_P02787
0.06394931905767638,FDGILGMAYPR_P07339
0.03395743685926746,FEHC(UniMod_4)NFNDVTTR_P13987
0.023445619682484615,FFLC(UniMod_4)QVAGDAK_P13591
0.11054128116046567,FIYGGC(UniMod_4)GGNR_Q06481
0.0516999568406859,FKDLGEENFK_P02768
0.12315443898024296,FLATTPNSLLVSWQPPR_P02751
0.14476738864523864,FLC(UniMod_4)TGGVSPYADPNTC(UniMod_4)R_P00751
0.016828319695093543,FLENEDRR_P01009
0.03491551359864413,FLENEDR_P01009
0.06066794185253048,FLNVLSPR_P17936
0.0532461000609445,FLPSYQAVEYMR_P20933
0.08279656550172565,FLVNLVK_P43652
0.11932165223861621,FM(UniMod_35)ETVAEK_P10909
0.009831113014527028,FMETVAEK_P10909
0.08051943945886786,FMQAVTGWK_P01019
0.0485872648204119,FNALQYLR_P51884
0.057417430351950884,FNKNNEGTYYSPNYNPQSR_P00450
0.09227878028382623,FNKPFVFLM(UniMod_35)IEQNTK_P01009
0.08392956661187688,FQNALLVR_P02768
0.08421338667635492,FQPTLLTLPR_P05155
0.024222097797039894,FQSVFTVTR_P02747
0.19930595377496804,FSALEVDETYVPK_P02768
0.024464914050436826,FSC(UniMod_4)FQEEAPQPHYQLR_Q16610
0.15185072593620705,FSC(UniMod_4)MC(UniMod_4)PQGYQVVR_Q12805
0.05093619700982688,FSEEAC(UniMod_4)AVLTSPTFEAC(UniMod_4)HR_P04275
0.020399747048169936,FSGSLLGGK_P04211
0.30137187658580483,FSGSNSGNTATLTISR_P80748
0.016645341013961402,FSGTWYAMAK_P02753
0.04475319043503495,FSPATHPSEGLEENYC(UniMod_4)RNPDNDPQGPWC(UniMod_4)YTTDPEKR_P00747
0.07529305624968102,FSVVYAK_P02765
0.08200219517739217,FTDSENVC(UniMod_4)QER_P43652
0.09545047206857527,FTEC(UniMod_4)C(UniMod_4)QAADK_P02768
0.16078603289128324,FTFEYSR_P43652
0.04803643818085766,FTILDSQGK_Q9NYU2
0.080816597835351,FTNIGPDTMR_P02751
0.096732517006331,FTQVTPTSLSAQWTPPNVQLTGYR_P02751
0.16591671540075167,FVEGLPINDFSR_P40925
0.0011435535547212631,FVVTDGGITR_P54289
0.08839857460011431,FYNQVSTPLLR_P19823
0.08868755288588617,FYVHNDIFR_Q13283
0.008189646520028742,GAAPPKQEFLDIEDP_P16035
0.025641678249257782,GALQNIIPASTGAAK_P04406
0.04390856489858155,GAQTLYVPNC(UniMod_4)DHR_P24592
0.009675245341071977,GAQTQTEEEMTR_Q12841
0.052913768624708826,GATLALTQVTPQDER_P43121
0.15795429005022532,GATTSPGVYELSSR_Q9Y6R7
0.08922112010177564,GAYPLSIEPIGVR_P00450
0.015812904522489412,GC(UniMod_4)PTEEGC(UniMod_4)GER_P10643
0.04026846685183816,GC(UniMod_4)SFLPDPYQK_P07602
0.0570457828131988,GDFSSANNRDNTYNR_P02671
0.03218071467781854,GDKVWVYPPEKK_P02790
0.07526741265434082,GEAAGAVQELAR_Q9UHG2
0.04351235176150643,GEAGAPGEEDIQGPTK_P05060
0.10519870225516582,GEC(UniMod_4)WC(UniMod_4)VNPNTGK_P18065
0.03997786264805688,GEVQAMLGQSTEELRVR_P02649
0.021969529622804268,GEVQAMLGQSTEELR_P02649
0.01707212572246086,GGETSEMYLIQPDSSVKPYR_P02675
0.09146103065485872,GGSTSYGTGSETESPR_P02671
0.23003141698528803,GGTLGTPQTGSENDALYEYLR_P05452
0.050417934278270425,GINVALANGK_Q92520
0.028189699615551372,GIVEEC(UniMod_4)C(UniMod_4)FR_P01344
0.0008344870945474266,GIYGTISR_P01031
0.1808716481801598,GKRPYQEGTPC(UniMod_4)SQC(UniMod_4)PSGYHC(UniMod_4)K_Q6UXB8
0.10141395673799065,GLEFLSVPSTYYK_P32754
0.07111620794616579,GLETSLAEC(UniMod_4)TFTK_P05156
0.04300626994837288,GLGEISAASEFK_P13591
0.06720817215704468,GLPAPIEK_P01859
0.051109254047539895,GLSAEPGWQAK_P10645
0.026635946794311246,GLVSWGNIPC(UniMod_4)GSK_Q92876
0.5009867529823472,GLYDVVSVLR_O75144
0.18221633915752658,GMADQDGLKPTIDKPSEDSPPLEMLGPR_P19827
0.001302096715689478,GMDSC(UniMod_4)KGDSGGAFAVQDPNDKTK_P09871
0.09585568221839093,GMFNIQHC(UniMod_4)K_P01009
0.0348331892544204,GNPEPTFSWTK_O00533
0.0025335800714670026,GNQWVGYDDQESVK_P36222
0.024939243635746497,GNSYFMVEVK_Q96KN2
0.1047336610234011,GPSVFPLAPSSK_P01857
0.16384018619058235,GQEDASPDRFSNTDYAVGYMLR_P36222
0.10025746061835082,GQSISVTSIRPC(UniMod_4)AAETQ_P10643
0.11590599756537069,GRPGPQPWC(UniMod_4)ATTPNFDQDQR_P00748
0.0228453834253451,GRTC(UniMod_4)PKPDDLPFSTVVPLK_P02749
0.0702112345618868,GSESGIFTNTK_P02671
0.0,GSFAC(UniMod_4)QC(UniMod_4)PPGYQK_Q12805
0.09597295048643291,GSGGLNLGNFFASR_P19021
0.09925057307338091,GSLVAPDR_P49588
0.06405498726157992,GSPAINVAVHVFRK_P02766
0.01857897942075046,GSPAINVAVHVFR_P02766
0.3666233270597964,GSPSGEVSHPR_P02765
0.006339079939221565,GSQTQSHPDLGTEGC(UniMod_4)WDQLSAPR_Q96PD5
0.002958704549989389,GVALADFNR_Q9NQ79
0.17562567154366482,GVASLFAGR_Q9NQ79
0.08680954484073944,GWVTDGFSSLK_P02656
0.05268730764746489,GYC(UniMod_4)APGMEC(UniMod_4)VK_Q16270
0.02509468806942505,GYHLNEEGTR_P23142
0.8007914634128402,GYPGVQAPEDLEWER_P05060
0.030355181736249355,GYQLSDVDGVTC(UniMod_4)EDIDEC(UniMod_4)ALPTGGHIC(UniMod_4)SYR_P23142
0.1093256341403538,GYTQQLAFR_P01024
0.028900151694318085,HGGLYHENMR_P08603
0.15318979141194933,HGNVAEGETKPDPDVTER_P02790
0.019818998392920277,HGPGLIYR_P02765
0.16942926472602618,HGSPVDIC(UniMod_4)TAKPR_P01008
0.032521495873952484,HGTC(UniMod_4)AAQVDALNSQKK_O00584
0.20412086830605877,HKVYAC(UniMod_4)EVTHQGLSSPVTK_P01834
0.052664396649368735,HLDSVLQQLQTEVYR_P24592
0.04236098132081597,HLSLLTTLSNR_P02774
0.02614829977835705,HNC(UniMod_4)MENSIC(UniMod_4)R_Q99435
0.3127346694070174,HPDEAAFFDTASTGK_P02671
0.026053690888239302,HPNSPLDEENLTQENQDR_P01011
0.10975037977999848,HPNVFGFC(UniMod_4)R_P04196
0.05229731749677739,HQFLLTGDTQGR_P04217
0.0,HQPQEFPTYVEPTNDEIC(UniMod_4)EAFRKDPK_P02774
0.08581913517081345,HQPQEFPTYVEPTNDEIC(UniMod_4)EAFRK_P02774
0.10010683957185429,HQPQEFPTYVEPTNDEIC(UniMod_4)EAFR_P02774
0.027859284263956827,HQTVPQNTGGKNPDPWAK_P02787
0.037312719629032834,HRLEDMEQALSPSVFK_P05155
0.13614337069075358,HSIFTPETNPR_P00747
0.00047014867115977005,HSTIFENLANK_P02787
0.11977452245618798,HTFM(UniMod_35)GVVSLGSPSGEVSHPR_P02765
0.10775953299955461,HTFMGVVSLGSPSGEVSHPR_P02765
0.008561977785706968,HTSVQTTSSGSGPFTDVR_P02751
0.042616132644877076,HVEPGEPLAPSPQEPQAVGR_Q99674
0.03305383185778898,HVLFGTVGVPEHTYR_P04216
0.0837571427508675,HYDGSYSTFGER_P01023
0.021613670933532128,HYEGSTVPEK_P00738
0.13941020158797296,HYTNPSQDVTVPC(UniMod_4)PVPPPPPC(UniMod_4)C(UniMod_4)HPR_P01877
0.0224779915526059,IALVITDGR_P12109
0.09047456549881117,IAPQLSTEELVSLGEK_P43652
0.03925424290767183,IASFSQNC(UniMod_4)DIYPGKDFVQPPTK_P01042
0.014410599102255535,IC(UniMod_4)ANVFC(UniMod_4)GAGR_Q12841
0.11174499206706293,IC(UniMod_4)LEDNVLM(UniMod_35)SGVK_Q92520
0.06290271194652446,IC(UniMod_4)LEDNVLMSGVK_Q92520
0.18245025612393018,IC(UniMod_4)VGC(UniMod_4)PR_P01042
0.03520822718638328,IDQNVEELKGR_P06727
0.034086557884938355,IDQTVEELRR_P06727
0.012735889899384054,IEC(UniMod_4)VSAETTEDC(UniMod_4)IAK_P02787
0.025437449119695033,IEEELGDEAR_P09104
0.04435946400743811,IEIPSSVQQVPTIIK_O00533
0.19697116342058754,IEKVEHSDLSFSK_P61769
0.028850194190545925,IFFYDSENPPASEVLR_P27169
0.09810967879997527,IFSFDGKDVLR_P39060
0.06275168673341265,IGADFLAR_P17174
0.006591436843694448,IGDQWDKQHDMGHMMR_P02751
0.21700320044798874,IGDTWSK_P02751
0.04059561592804949,IHWESASLLR_P01024
0.01855232786992354,IIGYTPDLDPETVDDAFAR_P08253
0.00916493794860241,IIGYVISNQQITPGPAYSNR_P31997
0.023689509059322225,IKPVFIEDANFGR_P54289
0.07192589852760506,ILAGSADSEGVAAPR_Q9UHG2
0.01489153463239821,ILEVVNQIQDEER_O94919
0.4055700801132295,ILGPLSYSK_P51884
0.003007514558930153,ILGQQVPYATK_P36222
0.09102948892888892,ILLQGTPVAQMTEDAVDAER_P01024
0.04890805331725117,ILTC(UniMod_4)M(UniMod_35)QGMEEIR_Q8IWV7
0.07197107298243476,IMNGEADAMSLDGGFVYIAGK_P02787
0.06908850121027983,INENTGSVSVTR_P55290
0.05202420775249797,INHC(UniMod_4)RFDEFFSEGC(UniMod_4)APGSKK_P02787
0.09664719812014325,IPIEDGSGEVVLSRK_P01024
0.10513413150425494,IPIEDGSGEVVLSR_P01024
0.027783609174216392,IPLNDLFR_P13473
0.024360739961896995,IPTTFENGR_P05090
0.07929729393037734,IPVIEPSVPELVVKPGATVTLR_P07333
0.05634810804154512,IQPSGGTNINEALLR_P19823
0.05476907126044593,ISASAEELR_P06727
0.14646175704714726,ISC(UniMod_4)TIANR_P02751
0.04321774041432916,ISHELDSASSEVN_P10451
0.07552632572185429,ISLPESLKR_P01024
0.018519149292445265,ISLPESLK_P01024
0.0783953599723086,ISYGNDALMPSLTETK_P05067
0.002926544006348484,ITGYIIK_P02751
0.05570852819371049,ITSWMEPIVK_Q96S96
0.010458095561388991,ITTTSPWMFPSR_P04180
0.09662240088942431,ITYGETGGNSPVQEFTVPGSK_P02751
0.010486723486535402,IVQIYKDLLR_P43652
0.7199960936457468,IVSSAM(UniMod_35)EPDREYHFGQAVR_P08603
0.012279025264815528,IVSSAMEPDREYHFGQAVR_P08603
0.1144989203539961,IWDVVEK_P01024
0.07122036717035811,IYISGMAPRPSLAK_P04004
0.0480269999687386,IYISGMAPR_P04004
0.0443647699735607,IYLYTLNDNAR_P02751
0.020362887373814257,KAADDTWEPFASGK_P02766
0.07716435032670459,KAEEEHLGILGPQLHADVGDKVK_P00450
0.5633498927811404,KASYLDC(UniMod_4)IR_P02787
0.05157675032609711,KATEDEGSEQKIPEATNR_P01008
0.0823213909657195,KC(UniMod_4)C(UniMod_4)VEC(UniMod_4)PPC(UniMod_4)PAPPVAGPSVFLFPPKPK_P01859
0.28689408964482155,KC(UniMod_4)STSSLLEAC(UniMod_4)TFR_P02787
0.09659110500960624,KC(UniMod_4)SYTEDAQC(UniMod_4)IDGTIEVPK_P02749
0.069043085127735,KDSGFQM(UniMod_35)NQLR_P02787
0.13694084236876639,KDSGFQMNQLR_P02787
0.026182760638911774,KEC(UniMod_4)C(UniMod_4)EKPLLEK_P02768
0.3069977306673415,KFPSGTFEQVSQLVK_P02774
0.042503532444850695,KGGETSEMYLIQPDSSVKPYR_P02675
0.023250659925234493,KIYPTVNC(UniMod_4)QPLGMISLMK_P01042
0.13250219106598707,KLC(UniMod_4)MAALK_P02774
0.0024006174429281337,KLGQSLDC(UniMod_4)NAEVYVVPWEK_P01042
0.04635388988806288,KLINDYVK_P01011
0.05719140772956314,KLSENTDFLAPGVSSFTDSNQQESITK_Q14515
0.07989454657778267,KLSSWVLLM(UniMod_35)K_P01009
0.13522726340276972,KLSSWVLLMK_P01009
0.0373568203360173,KLVGYLDR_P07602
0.10507650734514105,KLVPFATELHER_P06727
0.04995799359199241,KLYDYC(UniMod_4)DVPQC(UniMod_4)AAPSFDC(UniMod_4)GKPQVEPK_P00747
0.03400559352371085,KMTVTDQVNC(UniMod_4)PK_P05090
0.07319213305684287,KNM(UniMod_35)FEFLK_Q9UNU6
0.2816173262935204,KPAEDEWGK_P02792
0.02046772713730799,KPALEDLR_P02647
0.030286920648945493,KPQSAVYSTGSNGILLC(UniMod_4)EAEGEPQPTIK_O00533
0.06160286390129153,KPVDEYKDC(UniMod_4)HLAQVPSHTVVAR_P02787
0.08779318499727731,KPVEEYANC(UniMod_4)HLAR_P02787
0.024002842525446082,KQELSEAEQATR_P01024
0.09103571559097551,KQINDYVEKGTQGK_P01009
0.35338682374829444,KQINDYVEK_P01009
0.09978947279743369,KQTALVELVK_P02768
0.110790931130494,KREEAPSLRPAPPPISGGGYR_P02675
0.18298217433027103,KSASDLTWDNLK_P02787
0.08982648749122858,KSPELQAEAK_P02652
0.1440846420913273,KSQPMGLWR_P25311
0.02131986130888379,KTLLSNLEEAKK_P10909
0.01959044740623726,KTLLSNLEEAK_P10909
0.0477203688707979,KTSLEDFYLDEER_P36955
0.03636498460900293,KVEQAVETEPEPELR_P02649
0.22002599764269706,KVESELIKPINPR_P07225
0.049066152727355435,KVLLDGVQNPR_P01024
0.06684796996309812,KVPQVSTPTLVEVSR_P02768
0.07510099348087534,KVTYTSQEDLVEKK_P05156
0.03006432505889566,KYFIDFVAR_P01042
0.07083011743805916,KYLYEIAR_P02768
0.011244804943000229,LAAAVSNFGYDLYR_P36955
0.11086864200480542,LAAC(UniMod_4)GPPPVAPPAAVAAVAGGAR_P18065
0.09627539553972071,LAARLEALKENGGAR_P02647
0.07974805606592446,LAC(UniMod_4)C(UniMod_4)VVGVC(UniMod_4)GPGLWER_P08294
0.04011046173836529,LADGGATNQGRVEIFYR_Q08380
0.00990548620117585,LALLVDTVGPR_Q9Y646
0.07890549167501118,LAPLAEDVR_P06727
0.05266542636383927,LATVGELQAAWR_P13611
0.05125355000545356,LAVTTHGLPC(UniMod_4)LAWASAQAK_P00734
0.04715757616225089,LAVYQAGAR_P02649
0.029290568181421808,LC(UniMod_4)DNLSTK_P02774
0.11469303516924804,LC(UniMod_4)MAALK_P02774
0.11428604702026242,LC(UniMod_4)MGSGLNLC(UniMod_4)EPNNKEGYYGYTGAFR_P02787
0.031124900658000394,LC(UniMod_4)MGSGLNLC(UniMod_4)EPNNK_P02787
0.050357583568848056,LC(UniMod_4)QDLGPGAFR_P08697
0.13355956666087446,LC(UniMod_4)TVATLR_P02768
0.029861087758300955,LDELRDEGK_P02768
0.3872125446868427,LDEVKEQVAEVR_P02649
0.06738138645056595,LDIDSPPITAR_P14618
0.05253666985412956,LEAGDHPVELLAR_P09486
0.09280546347845854,LEDMEQALSPSVFK_P05155
0.02330750671824416,LEEQAQQIR_P02649
0.048852023306698356,LEGEAC(UniMod_4)GVYTPR_P18065
0.00972199002749305,LEGQEEEEDNRDSSMK_P10645
0.18713305582802509,LEPGQQEEYYR_P04180
0.1724615989708474,LEPYADQLR_P06727
0.18552215100295108,LETPDFQLFK_P04217
0.053298738694416106,LFAC(UniMod_4)SNK_P06396
0.07377971590927343,LFDSDPITVTVPVEVSR_P10909
0.06343342819004541,LFGGNFAHQASVAR_O14773
0.13964855875383927,LGADM(UniMod_35)EDVC(UniMod_4)GR_P02649
0.07516970271649955,LGADMEDVC(UniMod_4)GR_P02649
0.028696996910882386,LGC(UniMod_4)SLNQNSVPDIHGVEAPAR_Q14118
0.04938580367520855,LGEVNTYAGDLQK_P06727
0.08459260788980075,LGMDGYR_P61626
0.09950828117784444,LGMFNIQHC(UniMod_4)K_P01009
0.03657472373620363,LGNQEPGGQTALK_P08697
0.07862295654480692,LGPGMADIC(UniMod_4)K_P07602
0.06620963789224714,LGPLVEQGRVR_P02649
0.04502101418867927,LGPLVEQGR_P02649
0.04287748062085664,LGQSLDC(UniMod_4)NAEVYVVPWEK_P01042
0.003379928568056131,LGVRPSQGGEAPR_P02751
0.09075849477625285,LHDRNTYEKYLGEEYVK_P02787
0.05732405823776063,LHLDYIGPC(UniMod_4)K_P09486
0.05415540941644666,LIADLGSTSITNLGFR_Q92520
0.04376019658850956,LINDYVK_P01011
0.25290178072566544,LIVHNGYC(UniMod_4)DGR_P02753
0.04557325585126646,LKC(UniMod_4)DEWSVNSVGKIEC(UniMod_4)VSAETTEDC(UniMod_4)IAK_P02787
0.05877655933052707,LKC(UniMod_4)DEWSVNSVGK_P02787
0.0,LKDDEVAQLKK_P07195
0.6116202437964826,LKEDAVSAAFK_P51884
0.12282920175630282,LLAGDHPIDLLLR_Q14515
0.006858200489257955,LLC(UniMod_4)GLLAER_P14174
0.03078906826025466,LLC(UniMod_4)QC(UniMod_4)LGFGSGHFR_P02751
0.04947590868158314,LLDNWDSVTSTFSK_P02647
0.029938687469134372,LLDSLPSDTR_P05155
0.03932729152560128,LLEELVR_Q99683
0.041248316329162066,LLELTGPK_P04217
0.08679151979306234,LLEVPEGR_P09871
0.10724183127729092,LLIYDASK_P01608
0.08773417709453936,LLIYDASNR_P04433
1.0132668829755174,LLIYGATSR_P01621
0.018961449692568143,LLPAQLPAEKEVGPPLPQEAVPLQK_Q16610
0.05983586232720784,LLRDPADASEAHESSSR_P05060
0.01633695476889456,LMVELHNLYR_Q6UXB8
0.06957083420904313,LNMHMNVQNGKWDSDPSGTK_P05067
0.07065625085125685,LPPTSAHGNVAEGETKPDPDVTER_P02790
0.05846853591330272,LPYTASSGLMAPR_Q15904
0.04786200098628825,LQAEAFQAR_P02649
0.17025833986910938,LQDLYSIVR_P39060
0.040883909296065564,LQPLDFKENAEQSR_P01008
0.00931242370481694,LQSIGTENTEENRR_P04075
0.03490949426455004,LQSLFDSPDFSK_P36955
0.013039039791333428,LRENELTYYC(UniMod_4)C(UniMod_4)KK_P13987
0.021192358524075243,LRENELTYYC(UniMod_4)C(UniMod_4)K_P13987
0.06346091769774881,LRTEGDGVYTLNNEKQWINK_P00738
0.13338649599235036,LRTEGDGVYTLNNEK_P00738
0.033321827104142124,LSELIQPLPLER_Q92876
0.1621713578256198,LSINTHPSQKPLSITVR_P01024
0.06662818870792178,LSITGTYDLK_P01009
0.047241022336923816,LSKELQAAQAR_P02649
0.04433813503799417,LSNENHGIAQR_P19823
0.019773393185527323,LSPEDYTLK_P07339
0.02635802818449697,LSPIYNLVPVK_P02748
0.14481371096621617,LSPLGEEMR_P02647
0.05532626187517986,LSSGLVTAALYGR_P43251
0.05848985388412617,LSSWVLLM(UniMod_35)K_P01009
0.002907401469729491,LSSWVLLMK_P01009
0.04808600310473327,LSYEGEVTK_P36955
0.09029117899120653,LSYTC(UniMod_4)EGGFR_P08603
0.05176939614569068,LTASAPGYLAITK_P16870
0.08974774830910298,LTPLYELVK_P10643
0.05588854389578502,LVAYYTLIGASGQR_P01024
0.09044663435048743,LVDGKGVPIPNKVIFIR_P01023
0.14163761101926298,LVDKFLEDVKK_P01009
0.042405857239762146,LVFFAEDVGSNK_P05067
0.10712163506343898,LVGGPM(UniMod_35)DASVEEEGVRR_P01034
0.003329727876670129,LVGGPMDASVEEEGVRR_P01034
0.035081482399209524,LVGGPMDASVEEEGVR_P01034
0.023205121367158126,LVGYLDR_P07602
0.08214464776558311,LVMGIPTFGR_P36222
0.07961950688018084,LVNEVTEFAK_P02768
0.04215549562355044,LVPPMEEDYPQFGSPK_P08697
0.07029188036894089,LVWEEAMSR_Q16610
0.14282918588559815,LVYPSC(UniMod_4)EEK_P36980
0.0013796702762917767,LYEQLSGK_P30086
0.025588422706669965,LYGSEAFATDFQDSAAAKK_P01011
0.12608981722711146,LYGSEAFATDFQDSAAAK_P01011
0.09714503807127141,LYHSEAFTVNFGDTEEAKK_P01009
0.21990999062189373,LYQQHGAGLFDVTR_O14773
0.098422232366706,M(UniMod_35)ADEAGSEADHEGTHSTKR_P02671
0.07100088949288365,M(UniMod_35)ASGAANVVGPK_Q92520
0.07192962632244135,M(UniMod_35)C(UniMod_4)PQLQQYEMHGPEGLR_P01023
0.09697225316688898,M(UniMod_35)ELERPGGNEITR_P02671
0.02265305153491264,M(UniMod_35)LTPEHVFIHPGWK_P09871
0.08085841946030883,M(UniMod_35)TVTDQVNC(UniMod_4)PK_P05090
0.09794696105178857,M(UniMod_35)VQEQC(UniMod_4)C(UniMod_4)HSQLEELHC(UniMod_4)ATGISLANEQDR_P23142
0.026410336861114672,M(UniMod_35)YLGYEYVTAIR_P02787
0.12609101031082143,MADEAGSEADHEGTHSTKR_P02671
0.13711072974262828,MASGAANVVGPK_Q92520
0.11226642883737538,MATLYSR_P41222
0.11564224410150116,MC(UniMod_4)PQLQQYEMHGPEGLR_P01023
0.05425916067620346,MC(UniMod_4)VDVNEC(UniMod_4)QR_P23142
0.1970080797127249,MDASLGNLFAR_Q92520
1.101518505814914,MDYPKQTQVSVLPEGGETPLFK_P06396
0.02218322962162174,MELERPGGNEITR_P02671
0.04464335020432968,MFTTAPDQVDKEDEDFQESNK_P00450
0.11677913161424701,MGNFPWQVFTNIHGR_P00736
0.0998727363753106,MKYWGVASFLQK_P02753
0.08452177465370558,MMAVAADTLQR_Q96KN2
0.06824536739641449,MNFRPGVLSSR_Q14624
0.005750369018789451,MPC(UniMod_4)AELVREPGC(UniMod_4)GC(UniMod_4)C(UniMod_4)SVC(UniMod_4)AR_P18065
0.03700676822473557,MPYEC(UniMod_4)GPSLDVC(UniMod_4)AQDER_P10643
0.17485792577490986,MTVTDQVNC(UniMod_4)PK_P05090
0.016553793004952737,MVQEQC(UniMod_4)C(UniMod_4)HSQLEELHC(UniMod_4)ATGISLANEQDR_P23142
0.0789407853155461,MYLGYEYVTAIR_P02787
0.27177939261873063,MYYSAVDPTKDIFTGLIGPM(UniMod_35)K_P00450
0.009143229442951038,NANTFISPQQR_P08493
0.02951398552464428,NEQEQPLGQWHLS_O00391
0.10209286887077036,NFGYTLR_P05546
0.045429272698655335,NFPPSQDASGDLYTTSSQLTLPATQC(UniMod_4)LAGK_P01876
0.1890519677677377,NFPPSQDASGDLYTTSSQLTLPATQC(UniMod_4)PDGK_P01877
0.012535905245410829,NFPSPVDAAFR_P02790
0.05360551947928049,NGFYPATR_P08603
0.0110800880932802,NIGEFC(UniMod_4)GK_P00736
0.05292963486924379,NIINSDGGPYVC(UniMod_4)R_O15394
0.13961793746955106,NILDRQDPPSVVVTSHQAPGEK_P25311
0.32922226079845474,NILTSNNIDVKK_P05090
0.19191313143257135,NILTSNNIDVK_P05090
0.13753664628594192,NKFDPSLTQR_P08697
0.09660926598860696,NKPLFFADK_P08133
0.004532469496470078,NLAVSQVVHK_P01011
0.08718602975840345,NLHGDGIALWYTR_Q12907
0.08110534207811633,NLNEKDYELLC(UniMod_4)LDGTR_P02787
0.232180585554531,NLQPASEYTVSLVAIKGNQESPK_P02751
0.06132729317897108,NLREGTC(UniMod_4)PEAPTDEC(UniMod_4)KPVK_P02787
0.05679067710955576,NNEGTYYSPNYNPQSR_P00450
0.04041910367830953,NPC(UniMod_4)QDPYILTPENR_Q12805
0.07557940304291291,NPDGDVGGPWC(UniMod_4)YTTNPR_P00747
0.03762249241043859,NPDPWAK_P02787
0.1286703974625759,NPDSSTTGPWC(UniMod_4)YTTDPTVR_P00734
0.05758894630251482,NQEQVSPLTLLK_P08697
0.023943756536354582,NRDHDTFLAVR_Q12907
0.03220316391559638,NSKFEDC(UniMod_4)C(UniMod_4)QEK_P02774
0.046635147890791005,NSLESYAFNMK_P11142
0.0352096771046972,NSLFEYQK_P02671
0.03697672424303204,NSPLDEENLTQENQDR_P01011
0.08931977477298234,NSVIKVPMMNSK_P05155
0.0500432371778764,NSWGEEWGMGGYVK_P07711
0.1366058607554921,NTEILTGSWSDQTYPEGTQAIYK_P08603
0.07345621745260533,NTFAEVTGLSPGVTYYFK_P02751
0.013706269689309077,NTGIIC(UniMod_4)TIGPASR_P14618
0.06217867462063826,NVDGVNYASITR_Q9UBR2
0.06683303106741517,NVVYTC(UniMod_4)NEGYSLIGNPVAR_P10643
0.10289950681177268,NWGLGGHAFC(UniMod_4)R_P00748
0.07409159603051409,PALEDLR_P02647
0.06826851907435819,PIVTSPYQIHFTK_P01024
0.2513080090947875,PNHAVVTR_P02787
0.08760662767435606,PPTSAHGNVAEGETKPDPDVTER_P02790
0.05684239905370225,PTLVEVSR_P02768
0.267682983147914,QALNTDYLDSDYQR_O94919
0.05022817170470476,QALPQVR_Q99829
0.17566473619340628,QAPGQGLEWMGR_P23083
0.01610853843555699,QC(UniMod_4)VPTEPC(UniMod_4)EDAEDDC(UniMod_4)GNDFQC(UniMod_4)STGR_P02748
0.016967107342277774,QDGSVDFGR_P02675
0.04292965098239334,QELSEAEQATR_P01024
0.11220387443979685,QEPERNEC(UniMod_4)FLQHKDDNPNLPR_P02768
0.18974771460315296,QFTSSTSYNR_P02671
0.04749838779844404,QGIPFFGQVR_P01023
0.016532883895083936,QGVNDNEEGFFSAR_P02675
0.8125860411304212,QHM(UniMod_35)DSDSSPSSSSTYC(UniMod_4)NQMMR_P07998
0.09371711811784746,QHMDSDSSPSSSSTYC(UniMod_4)NQMMR_P07998
0.051961133160920235,QHVVYGPWNLPQSSYSHLTR_Q16610
0.05651948090352725,QIGSVYR_P04196
0.04093739940595721,QINDYVEKGTQGK_P01009
0.016409027863182227,QINDYVEK_P01009
0.06309787722488211,QKPDGVFQEDAPVIHQEMIGGLR_P01024
0.2472189280378591,QKVEPLRAELQEGAR_P02647
0.03522203139585764,QKWEAEPVYVQR_P25311
0.07179394517352318,QLEWGLER_P13671
0.07183609583290482,QLKEHAVEGDC(UniMod_4)DFQLLKLDGK_P02765
0.030808465140483462,QLNEINYEDHK_P00751
0.056194639277606956,QNC(UniMod_4)ELFEQLGEYK_P02768
0.1507193031614108,QPSSAFAAFVK_P01024
0.05044612933580826,QQETAAAETETR_O15240
0.09380236611649967,QQLVETHMAR_P05067
0.00123990036980229,QQTEWQSGQR_P02649
0.04686546493200733,QQTHMLDVMQDHFSR_P10909
0.014472591053841109,QRQEELC(UniMod_4)LAR_P02753
0.14319022218427652,QSGLYFIKPLK_P02679
0.07641006530687704,QSTNAYPDLR_P07225
0.08075683258459375,QTALVELVK_P02768
0.06566685186873716,QTHQPPAPNSLIR_P02747
0.030620320194836362,QTQVSVLPEGGETPLFK_P06396
0.06991594669902171,QTVSWAVTPK_P01023
0.005014246034777798,QVVAGLNFR_P01042
0.032512640607722604,QWAGLVEK_P02649
0.036660463865845594,QYNVGPSVSKYPLR_P02751
0.05088434626510203,QYTDSTFRVPVER_P00450
0.3179819083440052,RELDESLQVAER_P10909
0.0668517141954168,RGEQC(UniMod_4)VDIDEC(UniMod_4)TIPPYC(UniMod_4)HQR_Q12805
0.05037844687075329,RGYQLSDVDGVTC(UniMod_4)EDIDEC(UniMod_4)ALPTGGHIC(UniMod_4)SYR_P23142
0.09434705911451152,RIPIEDGSGEVVLSRK_P01024
0.11716834139811523,RLEAGDHPVELLAR_P09486
0.018323320370883116,RLEGQEEEEDNRDSSMK_P10645
0.1458986670583557,RLGMFNIQHC(UniMod_4)K_P01009
0.04386439799296307,RLPIGSYF_P20774
0.13678765090419068,RLYGSEAFATDFQDSAAAK_P01011
0.07881187898240358,RNTEILTGSWSDQTYPEGTQAIYK_P08603
0.09050472613089736,RPC(UniMod_4)FSALEVDETYVPK_P02768
0.15122249365716592,RPDSLQHVLLPVLDR_P00746
0.029225236971070608,RPGGEPSPEGTTGQSYNQYSQR_P02751
0.04664063779601896,RQEC(UniMod_4)SIPVC(UniMod_4)GQDQVTVAMTPR_P00734
0.06161844963334452,RTHLPEVFLSK_P02774
0.005209353469953451,RTPITVVK_P06396
0.30618660939421305,RVDTVDPPYPR_P04004
0.059954551775469225,RVWELSK_P01008
0.14099143842135703,RYIETDPANRDR_P06396
0.13973630554866578,SASDLTWDNLKGK_P02787
0.005748013254155646,SASDLTWDNLK_P02787
0.07747033820173232,SASLHLPK_P01009
0.07038974862537029,SC(UniMod_4)C(UniMod_4)EEQNKVNC(UniMod_4)LQTR_P43652
0.0947245787144481,SC(UniMod_4)DIPVFMNAR_P08603
0.2303067876692143,SC(UniMod_4)DKTHTC(UniMod_4)PPC(UniMod_4)PAPELLGGPSVFLFPPKPK_P01857
0.02172650793269567,SC(UniMod_4)DNPYIPNGDYSPLR_P08603
0.0674311391017859,SC(UniMod_4)DTPPPC(UniMod_4)PR_P01860
0.03388610773134836,SC(UniMod_4)ESNSPFPVHPGTAEC(UniMod_4)C(UniMod_4)TK_P02774
0.008661583221787363,SC(UniMod_4)SPELQQK_P16152
0.07067843762520279,SC(UniMod_4)VGETTESTQC(UniMod_4)EDEELEHLR_P10643
0.043653568385901446,SDDKVTLEER_P01024
0.04635965257760229,SDVMYTDWKK_P19652
0.16561356789597795,SDVMYTDWK_P19652
0.04422873809207626,SDVVYTDWKK_P02763
0.08040240195368112,SDVVYTDWK_P02763
0.00723432381669219,SEALAVDGAGKPGAEEAQDPEGK_P10645
0.01665630522483742,SEGLLAC(UniMod_4)GTNAR_O75326
0.029956468095987503,SEGSSVNLSPPLEQC(UniMod_4)VPDRGQQYQGR_P00734
0.040846272866818266,SELEEQLTPVAEETR_P02649
0.14187238611070452,SETKDLLFRDDTVC(UniMod_4)LAK_P02787
0.0010615953504128212,SEYPSIK_P61916
0.034176993889283774,SFNRGEC(UniMod_4)_P01834
0.02058821652375971,SFPTYC(UniMod_4)QQK_P05156
0.05529115752033465,SFQTGLFTAAR_P07225
0.11278793451344497,SGEATDGARPQALPEPMQESK_P10645
0.005267346651256354,SGELEQEEER_P10645
0.12952451573137233,SGIEC(UniMod_4)QLWR_P00734
0.01024290816026715,SGINC(UniMod_4)PIQK_P61916
0.06443094678965058,SGIPIVTSPYQIHFTK_P01024
0.1032523795798563,SGLSTGWTQLSK_P04217
0.8534797687120456,SGNIPAGTTVDTK_Q9UKV8
0.02230750016204078,SGSAHEYSSSPDDAIFQSLAR_P16870
0.05608168329181003,SGSDEVQVGQQR_P01024
0.28125162862883557,SIAQYWLGC(UniMod_4)PAPGHL_P04004
0.26530376401248507,SIDVAC(UniMod_4)HPGYALPK_P08603
0.0372060688203981,SILENLR_P02675
0.0414042551444135,SIVVSPILIPENQR_P55290
0.05000462249670227,SKEFQLFSSPHGK_P02787
0.05396565532639988,SKVPPPRDFHINLFR_P06681
0.049325582717650605,SLAAAAGKQELAK_P61278
0.09301725360786856,SLAELGGHLDQQVEEFRR_P06727
0.1653866018526984,SLAPYAQDTQEK_P06727
0.010900288501929353,SLDFTELDVAAEK_P01019
0.23813053733898445,SLEDLQLTHNKITK_P51884
0.13221330029443085,SLEDQVEMLR_P14314
0.29264881322107766,SLGEC(UniMod_4)C(UniMod_4)DVEDSTTC(UniMod_4)FNAK_P02774
0.15490266648186216,SLGNVIMVC(UniMod_4)R_P08603
0.2594266683016931,SLGSPSGEVSHPR_P02765
0.024652829745656805,SLHTLFGDK_P02768
0.0,SLNNQIETLLTPEGSR_P08123
0.019561703017310483,SLPSEASEQYLTK_Q92823
0.07668271664868082,SMEQNGPGLEYR_O00533
0.059862164836259016,SNAQGIDLNR_P16870
0.011677695907107547,SNLDEDIIAEENIVSR_P01024
0.027601678621114727,SNSSM(UniMod_35)HITDC(UniMod_4)R_P07998
0.043887642892022065,SNSSMHITDC(UniMod_4)R_P07998
0.04761066128873185,SNVSDAVAQSTR_P60174
0.08293680894482085,SPAINVAVHVFR_P02766
0.04321325637537862,SPELQAEAK_P02652
0.08738233742574349,SPFEQHIK_Q92520
0.04840608128133444,SPMYSIITPNILR_P01024
0.03051775444374025,SPQGLGAFTPVVR_Q13332
0.09374751031262384,SPVDIC(UniMod_4)TAKPR_P01008
0.035641093207383755,SPVGVQPILNEHTFC(UniMod_4)AGMSK_P00738
0.03573023926598899,SRGPGAPC(UniMod_4)QDVDEC(UniMod_4)AR_Q8N2S1
0.12740056165813507,SRYPVC(UniMod_4)GSDGTTYPSGC(UniMod_4)QLR_Q16270
0.0573590867910098,SSALDMENFR_P19823
0.013097373929764542,SSFVAPLEK_P36955
0.3036657744177823,SSGLVSNAPGVQIR_P04180
0.08369654197219022,SSGQWQTPGATR_P06681
0.14057403630519572,SSNLIILEEHLK_P08603
0.19552367388194522,SSNTYTLTDVRR_Q13740
0.13438391403318733,SSPVVIDASTAIDAPSNLR_P02751
0.008689021690780716,SSQGGSLPSEEK_P05060
0.03379413939006852,STGGISVPGPMGPSGPR_P02452
0.08602934504504278,STNLHDYGMLLPC(UniMod_4)GIDK_P05067
0.004519006913831992,STSSFPC(UniMod_4)PAGHFNGFR_Q08380
0.04686598138730359,STTPDITGYR_P02751
0.1211777787100709,SVIPSDGPSVAC(UniMod_4)VKK_P02787
0.014898854840508399,SVIPSDGPSVAC(UniMod_4)VK_P02787
0.059310252417317584,SVLGQLGITK_P01009
0.03771083459612783,SVPMVPPGIK_P51884
0.12274197864350438,SVPPSASHVAPTETFTYEWTVPK_P00450
0.021402215283651795,SWFEPLVEDM(UniMod_35)QR_P02649
0.32125605741840424,SYELTQPPSVSVSPGQTAR_P01717
0.12152507861911219,SYLSMVGSC(UniMod_4)C(UniMod_4)TSASPTVC(UniMod_4)FLKER_P02774
0.07732740043080372,SYTITGLQPGTDYK_P02751
0.29437160661898776,TAKDALSSVQESQVAQQAR_P02656
0.017270454947067214,TALASGGVLDASGDYR_O43505
0.003572344911462959,TASDFITK_P06396
0.06354095185873192,TATSEYQTFFNPR_P00734
0.016368588850385245,TC(UniMod_4)VADESAENC(UniMod_4)DKSLHTLFGDK_P02768
0.054279787401101794,TC(UniMod_4)VADESAENC(UniMod_4)DK_P02768
0.04308659148931241,TDASDVKPC(UniMod_4)_P02749
0.26219462280383143,TEGDGVYTLNNEK_P00738
0.005089486716649894,TEHLSTLSEK_P02647
0.034043029992992455,TEIDKPSQMQVTDVQDNSISVK_P02751
0.26001925946666116,TELLPGDRDNLAIQTR_Q16270
0.49814982974222893,TFHEASEDC(UniMod_4)ISR_P05452
0.054370640515357435,TFISPIK_P01024
0.26978500678465495,TFTC(UniMod_4)TAAYPESK_P01876
0.02901340693708923,TFTLLDPK_Q96PD5
0.12734224845024547,TFYEPGEEITYSC(UniMod_4)KPGYVSR_P02749
0.09223956643837093,TFYSC(UniMod_4)TTEGR_P02751
0.010308142015034825,TGAQELLR_P06396
0.0015018682663053829,TGDEITYQC(UniMod_4)R_P08603
0.08348516297949393,TGTTGQSGAESGTTEPSAR_Q7Z5P9
0.012193932756125923,TGYYFDGISR_P23142
0.044782914608741856,THLAPYSDELRQR_P02647
0.032761149204952655,THLAPYSDELR_P02647
0.040211527716870046,THLGEALAPLSK_O15240
0.09751450708965366,THLPEVFLSK_P02774
0.013083618810408978,THPHFVIPYR_P05067
0.05722723144355664,TINPAVDHC(UniMod_4)C(UniMod_4)K_P43652
0.030796154834287527,TKEEYGHSEVVEYYC(UniMod_4)NPR_P08603
0.08956522012225968,TKKQELSEAEQATR_P01024
0.06824037628066629,TLEAQLTPR_P05546
0.055875318496205424,TLKIENVSYQDKGNYR_O00533
0.18893571815525734,TLLSNLEEAKK_P10909
0.08433054515964779,TLLSNLEEAK_P10909
0.046311661729465034,TLVVHEKADDLGKGGNEESTK_P00441
0.03848081191015636,TLYSSSPR_P05155
0.09576992034876931,TM(UniMod_35)LLQPAGSLGSYSYR_P41222
0.08599792618232163,TM(UniMod_35)QENSTPRED_P09871
0.030505493242706003,TMLLQPAGSLGSYSYR_P41222
0.046655442616147826,TMQALPYSTVGNSNNYLHLSVLR_P01024
0.002362052346313034,TMQENSTPRED_P09871
0.025757736077072893,TMSEVGGSVEDLIAK_P07339
0.011864331755725927,TNFDNDIALVR_P09871
0.05297031556684218,TNTNVNC(UniMod_4)PIEC(UniMod_4)FMPLDVQADREDSRE_P02751
0.04941961589439452,TPC(UniMod_4)QQELDQVLER_P18065
0.1993581571232336,TPC(UniMod_4)TVSC(UniMod_4)NIPVVSGKEC(UniMod_4)EEIIR_P02675
0.11071528806776212,TPENYPNAGLTMNYC(UniMod_4)R_P00747
0.17645642567679753,TPEVTC(UniMod_4)VVVDVSHEDPEVK_P01857
0.05630770354737,TPLGDTTHTC(UniMod_4)PR_P01860
0.0905509782550256,TPLPPTSAHGNVAEGETKPDPDVTER_P02790
0.016973359359521007,TPLTATLSK_P01876
0.019703465224977415,TPSAAYLWVGTGASEAEK_P06396
0.05258378288358391,TPSGLYLGTC(UniMod_4)ER_P98160
0.016085224140654587,TPVSDRVTK_P02768
0.02210909478523456,TQSSLVPALTDFVR_O60888
0.11056483636095674,TQVNTQAEQLRR_P06727
0.149753576400677,TQVNTQAEQLR_P06727
0.05289413525555983,TSAHGNVAEGETKPDPDVTER_P02790
0.16230823453134088,TSESGELHGLTTEEEFVEGIYK_P02766
0.0,TSLEDFYLDEER_P36955
0.08662544993955658,TSPVDEKALQDQLVLVAAK_P01019
0.15130797426037032,TSTDLQVLAAR_Q96BZ4
0.023429820291943602,TTPEPC(UniMod_4)ELDDEDFR_P08571
0.02988777207394277,TTPPVLDSDGSFFLYSK_P01857
0.15429828448791966,TTPPVLDSDGSFFLYSR_P01861
0.16492805528926696,TVAAC(UniMod_4)NLPIVR_P02760
0.12277153764820245,TVAAPSVFIFPPSDEQLK_P01834
0.06798812122550067,TVFGTEPDMIR_Q96KN2
0.03688512176836594,TVQAVLTVPK_P36955
0.07564341224802526,TVVQPSVGAAAGPVVPPC(UniMod_4)PGR_P02765
0.06365112497552472,TYETTLEK_P02768
0.008017114450647332,TYLGNALVC(UniMod_4)TC(UniMod_4)YGGSR_P02751
0.027145136973572563,VAAGAFQGLR_P02750
0.0018718827178313114,VAHQLQALR_P10645
0.014138359289761598,VAPDEHPILLTEAPLNPK_Q562R1
0.05259187351471181,VASYGVKPR_P00751
0.10756700435787629,VAVVQYSGTGQQRPER_P12109
0.04633070272300633,VC(UniMod_4)PFAGILENGAVR_P02749
0.020882927865295275,VC(UniMod_4)SQYAAYGEK_P02774
0.06032551607559006,VDGALC(UniMod_4)MEK_P02790
0.15801944585072275,VDNALQSGNSQESVTEQDSKDSTYSLSSTLTLSK_P01834
0.09764696756478584,VDNALQSGNSQESVTEQDSK_P01834
0.05769010459456508,VDSGNDVTDIADDGC(UniMod_4)PKPPEIAHGYVEHSVR_P00738
0.039647727946856254,VEHSDLSFSK_P61769
0.03067864357384711,VEKPTADAEAYVFTPNMIC(UniMod_4)AGGEK_P09871
0.11326817068383793,VEPLRAELQEGAR_P02647
0.01358474966699825,VEPYGENFNK_P06727
0.006518365425391068,VFAVSHGR_P02751
0.04619825277189857,VFNTPEGVPSAPSSLK_Q92823
0.1656685019791494,VFQEPLFYEAPR_P07711
0.10111576321755479,VFSNGADLSGVTEEAPLKLSK_P01009
0.12826268744347985,VFSNGADLSGVTEEAPLK_P01009
0.06665868279001876,VGFYESDVMGR_P01023
0.04710977521134481,VGGVQSLGGTGALR_P17174
0.10071846595588947,VGYVSGWGR_P00738
0.41333812233631473,VHKEDDGVPVIC(UniMod_4)QVEHPAVTGNLQTQR_Q9BY67
0.1028646343998137,VHTEC(UniMod_4)C(UniMod_4)HGDLLEC(UniMod_4)ADDRADLAK_P02768
0.04933113522859356,VHTEC(UniMod_4)C(UniMod_4)HGDLLEC(UniMod_4)ADDR_P02768
0.06997935411640227,VHVSEEGTEPEAMLQVLGPKPALPAGTEDTAKEDAANRK_P06396
0.04816236868093283,VHVSEEGTEPEAMLQVLGPKPALPAGTEDTAKEDAANR_P06396
0.04115669719249766,VIAVNEVGR_O00533
0.04492163686707451,VKDISEVVTPR_P00751
0.13126365938216744,VKDLATVYVDVLK_P02647
0.03781032061980214,VKSPELQAEAK_P02652
0.048251475605013715,VLDLSC(UniMod_4)NR_P08571
0.13436999615013354,VLEPTLK_P02774
0.0169331470750803,VLLDGVQNPR_P01024
0.115949113267956,VLLDQLR_Q9HDC9
0.1314252281264094,VLNQELR_P05090
0.12241500993560778,VLSIAQAHSPAFSC(UniMod_4)EQVR_P08571
0.03401104146101396,VLTPTQVK_P30086
0.07757560922063904,VMDKYTFELSR_P02774
0.04209798063219638,VMPIC(UniMod_4)LPSKDYAEVGR_P00738
0.21193242635149867,VMTPAVYAPYDVK_O00533
0.1091499499618355,VNGSPVDNHPFAGDVVFPR_O00533
0.03693807925236508,VNHVTLSQPK_P61769
0.05573123471353037,VPEARPNSMVVEHPEFLK_P06396
0.1157902850477676,VPEEDLKR_Q99832
0.08194625237377774,VPFDAATLHTSTAMAAQHGMDDDGTGQK_P06396
0.06979161212893815,VPMMSDPK_P36955
0.06055119428710325,VPQVSTPTLVEVSR_P02768
0.0585365869688056,VPVAVQGEDTVQSLTQGDGVAK_P01024
0.08494680723445834,VQAAVGTSAAPVPSDNH_P02649
0.39531898761384565,VQPYLDDFQKK_P02647
0.08586848927791395,VQPYLDDFQK_P02647
0.08188961665594831,VRGGEGTGYFVDFSVR_P04196
0.0820322719379886,VRQGQGQSEPGEYEQR_P43121
0.03847966763361386,VSEADIQR_P05408
0.009013688006430924,VSEADSSNADWVTK_P00751
0.08465014172585712,VSPTDC(UniMod_4)SAVEPEAEK_P04196
0.056861162098804326,VSTLPAITLK_P07339
0.04331045327456731,VTAAPQSVC(UniMod_4)ALR_P01023
0.12688725737371215,VTEIWQEVMQR_P08294
0.13171119934767028,VTEPISAESGEQVER_O14791
0.06233282139290714,VTGVVLFR_P08294
0.05186711020662024,VTIKPAPETEKRPQDAK_P01024
0.04158342620913825,VTIPTDLIASSGDIIK_Q14118
0.043377063047260904,VTLTC(UniMod_4)VAPLSGVDFQLR_P04217
0.14631400452152393,VTSIQDWVQK_P00738
0.07918677995803486,VTTVASHTSDSDVPSGVTEVVVK_P10909
0.07955201453768403,VVEESELAR_P02748
0.15511366297649062,VVEQMC(UniMod_4)ITQYER_P04156
0.009006508329680928,VVVNFAPTIQEIK_Q7Z3B1
0.16738854307652234,VYAC(UniMod_4)EVTHQGLSSPVTK_P01834
0.028565367891932262,VYC(UniMod_4)DMNTENGGWTVIQNR_P02675
0.04649107664750417,VYTVDLGR_P01833
0.0033762159142979526,WC(UniMod_4)AVSEHEATK_P02787
0.10287056146510654,WEAEPVYVQR_P25311
0.004862341477359858,WELALGR_P02649
0.05879223104455998,WGYC(UniMod_4)LEPK_P00748
0.05831482374696518,WKNFPSPVDAAFR_P02790
0.03105989584952247,WLPSSSPVTGYR_P02751
0.1431803541525487,WQEEMELYR_P02647
0.10057748814106279,WSGQTAIC(UniMod_4)DNGAGYC(UniMod_4)SNPGIPIGTR_P00751
0.00578567248567055,WSRPQAPITGYR_P02751
0.04158556897708799,WSSTSPHRPR_P00747
0.07170193565915998,WYEIEKIPTTFENGR_P05090
0.0331011354525591,WYFDVTEGK_P05067
0.09065160834164934,YAMVYGYNAAYNR_P08493
0.06074963126199564,YANC(UniMod_4)HLAR_P02787
0.05182470298771044,YFIDFVAR_P01042
0.05063804881646344,YGFIEGHVVIPR_P16070
0.012725863975509106,YGLDSDLSC(UniMod_4)K_P36955
0.029804591219097017,YGLVTYATYPK_P00751
0.09359474204519884,YGQTIRPIC(UniMod_4)LPC(UniMod_4)TEGTTR_P00751
0.20830655548947297,YHDRDVWKPEPC(UniMod_4)R_P02452
0.054946255841504074,YIETDPANR_P06396
0.07518881319447944,YIFHNFMER_Q14624
0.08221623361235542,YIVSGTPTFVPYLIK_Q92823
0.016692082758396547,YKAAFTEC(UniMod_4)C(UniMod_4)QAADK_P02768
0.016311845471829314,YLFLNGNK_P02750
0.006132810360996368,YLGEEYVK_P02787
0.1305896603483617,YLQEIYNSNNQK_P02679
0.00264541884853605,YLYEIAR_P02768
0.08176941488400377,YNSQNQSNNQFVLYR_P01042
0.10773337112441458,YPGPQAEGDSEGLSQGLVDREK_P10645
0.031198788202076003,YPNC(UniMod_4)AYR_P07998
0.0380125549580166,YPSLSIHGIEGAFDEPGTK_Q96KN2
0.06943027351276984,YQC(UniMod_4)YC(UniMod_4)YGR_P02751
0.13928696952842762,YSLTYIYTGLSK_P25311
0.007371277261574417,YTTEIIK_P00736
0.2423167100909629,YVGGQEHFAHLLILR_P02763
0.026599698783435065,YVM(UniMod_35)LPVADQDQC(UniMod_4)IR_P00738
0.02819953940372373,YVMLPVADQDQC(UniMod_4)IR_P00738
0.0904754489487329,YVNKEIQNAVNGVK_P10909
0.04434247159371485,YWGVASFLQK_P02753
0.05259952250643026,YYC(UniMod_4)FQGNQFLR_P02790
0.019342268585699093,YYTYLIMNK_P01024
0.05917890834284145,YYWGGQYTWDMAK_P02675
0.0,num_prot_pep
0.07457569372444595,num_prot
0.04532385771234644,num_pept
